booking_id,spot_id,slot_id,start_time,end_time,cost,remarks
1,1,1,2025-07-22 15:00,2025-07-22 17:30,50,
3,5,1,2025-07-25 00:36,2025-07-25 01:41,107,
4,2,1,2025-07-25 01:19,2025-07-25 01:41,36,
5,2,1,2025-07-25 01:42,2025-07-25 02:45,105,
6,1,1,2025-07-25 02:50,2025-07-25 03:27,60,
7,2,1,2025-07-25 03:24,2025-07-27 00:24,4499,
8,1,1,2025-07-27 00:24,2025-07-27 00:24,1,
9,1,1,2025-07-27 00:47,2025-07-29 21:00,6821,
10,1,1,2025-07-29 21:00,2025-07-30 07:54,1090,
11,1,1,2025-07-30 19:31,2025-07-30 19:31,0,
12,1,1,2025-07-30 19:51,2025-07-31 02:03,618,
13,3,1,2025-07-31 02:02,2025-07-31 02:10,12,
14,2,1,2025-07-31 02:09,2025-07-31 02:09,0,
